{
    "name": "Testimonial",
    "description": "Showcase your client's feedback. Use settings to manage avatar, read more etc.",
    "path": "testimonial",
    "size": "44 KB",
    "lastUpdate": "2019-01-30",
    "icon": "media/icon.png",
    "thumbnail": "thumbnail.jpg",
    "preview": "http://www.eclickprojects.com/skeleton/code/",
    "db": "db.sql",
    "sub": [
        {
            "name": "Content",
            "path": "testimonialcontent",
            "icon": ""
        },
        {
            "name": "Testimonial List",
            "path": "testimoniallist",
            "icon": ""
        },
        {
            "name": "Settings",
            "path": "testimonialsettings",
            "icon": ""
        }
    ]
}