{
    "name": "Gallery",
    "description": "A nice photo gallery including the option to create album.",
    "path": "gallery",
    "size": "89 KB",
    "lastUpdate": "2019-01-31",
    "icon": "media/icon.png",
    "thumbnail": "thumbnail.jpg",
    "preview": "http://www.eclickprojects.com/skeleton/code/",
    "db": "db.sql",
    "sub": [
        {
            "name": "Content",
            "path": "gallerycontent",
            "icon": ""
        },
        {
            "name": "Gallery List",
            "path": "gallerylist",
            "icon": ""
        },
        {
            "name": "Settings",
            "path": "gallerysettings",
            "icon": ""
        }
    ]
}