{
    "name": "Client",
    "description": "List of clients or brands or sponsors etc.",
    "path": "client",
    "size": "44 KB",
    "lastUpdate": "2019-01-30",
    "icon": "media/icon.png",
    "thumbnail": "thumbnail.jpg",
    "preview": "http://www.eclickprojects.com/skeleton/code/",
    "db": "db.sql",
    "sub": [
        {
            "name": "Content",
            "path": "clientcontent",
            "icon": ""
        },
        {
            "name": "Client List",
            "path": "clientlist",
            "icon": ""
        },
        {
            "name": "Settings",
            "path": "clientsettings",
            "icon": ""
        }
    ]
}