{
    "name": "Service",
    "description": "Service list with gallery.",
    "path": "service",
    "size": "45 KB",
    "lastUpdate": "2019-01-23",
    "icon": "media/icon.png",
    "thumbnail": "thumbnail.jpg",
    "preview": "http://www.eclickprojects.com/skeleton/code/",
    "db": "db.sql",
    "sub": [
        {
            "name": "Content",
            "path": "servicecontent",
            "icon": ""
        },
        {
            "name": "Service List",
            "path": "servicelist",
            "icon": ""
        },
        {
            "name": "Quote Requests",
            "path": "quoterequests",
            "icon": ""
        },
        {
            "name": "Settings",
            "path": "servicesettings",
            "icon": ""
        }
    ]
}