{
    "name": "FAQ",
    "description": "Plugin for frequently asked questions (list view).",
    "path": "faq",
    "size": "28 KB",
    "lastUpdate": "2019-01-04",
    "icon": "media/faq.png",
    "thumbnail": "thumbnail.jpg",
    "preview": "http://www.eclickprojects.com/skeleton/code/faq/",
    "db": "db.sql",
    "sub": [
        {
            "name": "Content",
            "path": "faqcontent",
            "icon": ""
        },
        {
            "name": "FAQ List",
            "path": "faqlist",
            "icon": ""
        }
    ]
}